--------------------------------------------------------
--  文件已创建 - 星期六-七月-25-2020   
--------------------------------------------------------
--------------------------------------------------------
--  DDL for Table ORDER_TRAVELLER
--------------------------------------------------------

  CREATE TABLE "SCOTT"."ORDER_TRAVELLER" 
   (	"ORDERID" VARCHAR2(32 BYTE), 
	"TRAVELLERID" VARCHAR2(32 BYTE)
   ) SEGMENT CREATION IMMEDIATE 
  PCTFREE 10 PCTUSED 40 INITRANS 1 MAXTRANS 255 NOCOMPRESS LOGGING
  STORAGE(INITIAL 65536 NEXT 1048576 MINEXTENTS 1 MAXEXTENTS 2147483645
  PCTINCREASE 0 FREELISTS 1 FREELIST GROUPS 1 BUFFER_POOL DEFAULT FLASH_CACHE DEFAULT CELL_FLASH_CACHE DEFAULT)
  TABLESPACE "USERS" ;
--------------------------------------------------------
--  DDL for Table ORDERS
--------------------------------------------------------

  CREATE TABLE "SCOTT"."ORDERS" 
   (	"ID" VARCHAR2(32 BYTE) DEFAULT SYS_GUID(), 
	"ORDERNUM" VARCHAR2(20 BYTE), 
	"ORDERTIME" TIMESTAMP (6), 
	"PEOPLECOUNT" NUMBER(*,0), 
	"ORDERDESC" VARCHAR2(500 BYTE), 
	"PAYTYPE" NUMBER(*,0), 
	"ORDERSTATUS" NUMBER(*,0), 
	"PRODUCTID" VARCHAR2(32 BYTE), 
	"MEMBERID" VARCHAR2(32 BYTE)
   ) SEGMENT CREATION IMMEDIATE 
  PCTFREE 10 PCTUSED 40 INITRANS 1 MAXTRANS 255 NOCOMPRESS LOGGING
  STORAGE(INITIAL 65536 NEXT 1048576 MINEXTENTS 1 MAXEXTENTS 2147483645
  PCTINCREASE 0 FREELISTS 1 FREELIST GROUPS 1 BUFFER_POOL DEFAULT FLASH_CACHE DEFAULT CELL_FLASH_CACHE DEFAULT)
  TABLESPACE "USERS" ;
--------------------------------------------------------
--  DDL for Table PERMISSION
--------------------------------------------------------

  CREATE TABLE "SCOTT"."PERMISSION" 
   (	"ID" VARCHAR2(32 BYTE) DEFAULT SYS_GUID(), 
	"PERMISSIONNAME" VARCHAR2(50 BYTE), 
	"URL" VARCHAR2(50 BYTE)
   ) SEGMENT CREATION IMMEDIATE 
  PCTFREE 10 PCTUSED 40 INITRANS 1 MAXTRANS 255 NOCOMPRESS LOGGING
  STORAGE(INITIAL 65536 NEXT 1048576 MINEXTENTS 1 MAXEXTENTS 2147483645
  PCTINCREASE 0 FREELISTS 1 FREELIST GROUPS 1 BUFFER_POOL DEFAULT FLASH_CACHE DEFAULT CELL_FLASH_CACHE DEFAULT)
  TABLESPACE "USERS" ;
--------------------------------------------------------
--  DDL for Table PRODUCT
--------------------------------------------------------

  CREATE TABLE "SCOTT"."PRODUCT" 
   (	"ID" VARCHAR2(32 BYTE) DEFAULT SYS_GUID(), 
	"PRODUCTNUM" VARCHAR2(50 BYTE), 
	"PRODUCTNAME" VARCHAR2(50 BYTE), 
	"CITYNAME" VARCHAR2(50 BYTE), 
	"DEPARTURETIME" TIMESTAMP (6), 
	"PRODUCTPRICE" NUMBER, 
	"PRODUCTDESC" VARCHAR2(500 BYTE), 
	"PRODUCTSTATUS" NUMBER(*,0)
   ) SEGMENT CREATION IMMEDIATE 
  PCTFREE 10 PCTUSED 40 INITRANS 1 MAXTRANS 255 NOCOMPRESS LOGGING
  STORAGE(INITIAL 65536 NEXT 1048576 MINEXTENTS 1 MAXEXTENTS 2147483645
  PCTINCREASE 0 FREELISTS 1 FREELIST GROUPS 1 BUFFER_POOL DEFAULT FLASH_CACHE DEFAULT CELL_FLASH_CACHE DEFAULT)
  TABLESPACE "USERS" ;
--------------------------------------------------------
--  DDL for Table ROLE
--------------------------------------------------------

  CREATE TABLE "SCOTT"."ROLE" 
   (	"ID" VARCHAR2(32 BYTE) DEFAULT SYS_GUID(), 
	"ROLENAME" VARCHAR2(50 BYTE), 
	"ROLEDESC" VARCHAR2(50 BYTE)
   ) SEGMENT CREATION IMMEDIATE 
  PCTFREE 10 PCTUSED 40 INITRANS 1 MAXTRANS 255 NOCOMPRESS LOGGING
  STORAGE(INITIAL 65536 NEXT 1048576 MINEXTENTS 1 MAXEXTENTS 2147483645
  PCTINCREASE 0 FREELISTS 1 FREELIST GROUPS 1 BUFFER_POOL DEFAULT FLASH_CACHE DEFAULT CELL_FLASH_CACHE DEFAULT)
  TABLESPACE "USERS" ;
--------------------------------------------------------
--  DDL for Table ROLE_PERMISSION
--------------------------------------------------------

  CREATE TABLE "SCOTT"."ROLE_PERMISSION" 
   (	"PERMISSIONID" VARCHAR2(32 BYTE), 
	"ROLEID" VARCHAR2(32 BYTE)
   ) SEGMENT CREATION IMMEDIATE 
  PCTFREE 10 PCTUSED 40 INITRANS 1 MAXTRANS 255 NOCOMPRESS LOGGING
  STORAGE(INITIAL 65536 NEXT 1048576 MINEXTENTS 1 MAXEXTENTS 2147483645
  PCTINCREASE 0 FREELISTS 1 FREELIST GROUPS 1 BUFFER_POOL DEFAULT FLASH_CACHE DEFAULT CELL_FLASH_CACHE DEFAULT)
  TABLESPACE "USERS" ;
--------------------------------------------------------
--  DDL for Table USERS
--------------------------------------------------------

  CREATE TABLE "SCOTT"."USERS" 
   (	"ID" VARCHAR2(32 BYTE) DEFAULT SYS_GUID(), 
	"EMAIL" VARCHAR2(50 BYTE), 
	"USERNAME" VARCHAR2(50 BYTE), 
	"PASSWORD" VARCHAR2(500 BYTE), 
	"PHONENUM" VARCHAR2(20 BYTE), 
	"STATUS" NUMBER(*,0)
   ) SEGMENT CREATION IMMEDIATE 
  PCTFREE 10 PCTUSED 40 INITRANS 1 MAXTRANS 255 NOCOMPRESS LOGGING
  STORAGE(INITIAL 65536 NEXT 1048576 MINEXTENTS 1 MAXEXTENTS 2147483645
  PCTINCREASE 0 FREELISTS 1 FREELIST GROUPS 1 BUFFER_POOL DEFAULT FLASH_CACHE DEFAULT CELL_FLASH_CACHE DEFAULT)
  TABLESPACE "USERS" ;
--------------------------------------------------------
--  DDL for Table USERS_ROLE
--------------------------------------------------------

  CREATE TABLE "SCOTT"."USERS_ROLE" 
   (	"USERID" VARCHAR2(32 BYTE), 
	"ROLEID" VARCHAR2(32 BYTE)
   ) SEGMENT CREATION IMMEDIATE 
  PCTFREE 10 PCTUSED 40 INITRANS 1 MAXTRANS 255 NOCOMPRESS LOGGING
  STORAGE(INITIAL 65536 NEXT 1048576 MINEXTENTS 1 MAXEXTENTS 2147483645
  PCTINCREASE 0 FREELISTS 1 FREELIST GROUPS 1 BUFFER_POOL DEFAULT FLASH_CACHE DEFAULT CELL_FLASH_CACHE DEFAULT)
  TABLESPACE "USERS" ;
--------------------------------------------------------
--  DDL for Table TRAVELLER
--------------------------------------------------------

  CREATE TABLE "SCOTT"."TRAVELLER" 
   (	"ID" VARCHAR2(32 BYTE) DEFAULT SYS_GUID(), 
	"NAME" VARCHAR2(20 BYTE), 
	"SEX" VARCHAR2(20 BYTE), 
	"PHONENUM" VARCHAR2(20 BYTE), 
	"CREDENTIALSTYPE" NUMBER(*,0), 
	"CREDENTIALSNUM" VARCHAR2(50 BYTE), 
	"TRAVELLERTYPE" NUMBER(*,0)
   ) SEGMENT CREATION IMMEDIATE 
  PCTFREE 10 PCTUSED 40 INITRANS 1 MAXTRANS 255 NOCOMPRESS LOGGING
  STORAGE(INITIAL 65536 NEXT 1048576 MINEXTENTS 1 MAXEXTENTS 2147483645
  PCTINCREASE 0 FREELISTS 1 FREELIST GROUPS 1 BUFFER_POOL DEFAULT FLASH_CACHE DEFAULT CELL_FLASH_CACHE DEFAULT)
  TABLESPACE "USERS" ;
--------------------------------------------------------
--  DDL for Table MEMBER
--------------------------------------------------------

  CREATE TABLE "SCOTT"."MEMBER" 
   (	"ID" VARCHAR2(32 BYTE) DEFAULT SYS_GUID(), 
	"NAME" VARCHAR2(20 BYTE), 
	"NICKNAME" VARCHAR2(20 BYTE), 
	"PHONENUM" VARCHAR2(20 BYTE), 
	"EMAIL" VARCHAR2(20 BYTE)
   ) SEGMENT CREATION IMMEDIATE 
  PCTFREE 10 PCTUSED 40 INITRANS 1 MAXTRANS 255 NOCOMPRESS LOGGING
  STORAGE(INITIAL 65536 NEXT 1048576 MINEXTENTS 1 MAXEXTENTS 2147483645
  PCTINCREASE 0 FREELISTS 1 FREELIST GROUPS 1 BUFFER_POOL DEFAULT FLASH_CACHE DEFAULT CELL_FLASH_CACHE DEFAULT)
  TABLESPACE "USERS" ;
REM INSERTING into SCOTT.ORDER_TRAVELLER
SET DEFINE OFF;
Insert into SCOTT.ORDER_TRAVELLER (ORDERID,TRAVELLERID) values ('0E7231DC797C486290E8713CA3C6ECCC','3FE27DF2A4E44A6DBC5D0FE4651D3D3E');
Insert into SCOTT.ORDER_TRAVELLER (ORDERID,TRAVELLERID) values ('2FF351C4AC744E2092DCF08CFD314420','3FE27DF2A4E44A6DBC5D0FE4651D3D3E');
Insert into SCOTT.ORDER_TRAVELLER (ORDERID,TRAVELLERID) values ('3081770BC3984EF092D9E99760FDABDE','EE7A71FB6945483FBF91543DBE851960');
Insert into SCOTT.ORDER_TRAVELLER (ORDERID,TRAVELLERID) values ('55F9AF582D5A4DB28FB4EC3199385762','EE7A71FB6945483FBF91543DBE851960');
Insert into SCOTT.ORDER_TRAVELLER (ORDERID,TRAVELLERID) values ('5DC6A48DD4E94592AE904930EA866AFA','3FE27DF2A4E44A6DBC5D0FE4651D3D3E');
Insert into SCOTT.ORDER_TRAVELLER (ORDERID,TRAVELLERID) values ('96CC8BD43C734CC2ACBFF09501B4DD5D','EE7A71FB6945483FBF91543DBE851960');
Insert into SCOTT.ORDER_TRAVELLER (ORDERID,TRAVELLERID) values ('A0657832D93E4B10AE88A2D4B70B1A28','3FE27DF2A4E44A6DBC5D0FE4651D3D3E');
Insert into SCOTT.ORDER_TRAVELLER (ORDERID,TRAVELLERID) values ('CA005CF1BE3C4EF68F88ABC7DF30E976','EE7A71FB6945483FBF91543DBE851960');
Insert into SCOTT.ORDER_TRAVELLER (ORDERID,TRAVELLERID) values ('E4DD4C45EED84870ABA83574A801083E','EE7A71FB6945483FBF91543DBE851960');
REM INSERTING into SCOTT.ORDERS
SET DEFINE OFF;
Insert into SCOTT.ORDERS (ID,ORDERNUM,ORDERTIME,PEOPLECOUNT,ORDERDESC,PAYTYPE,ORDERSTATUS,PRODUCTID,MEMBERID) values ('0E7231DC797C486290E8713CA3C6ECCC','12345',to_timestamp('02-3月 -18 12.00.00.000000000 下午','DD-MON-RR HH.MI.SSXFF AM'),2,'没什么',0,1,'F03D12113C5547B49A12B515EF391421','E61D65F673D54F68B0861025C69773DB');
Insert into SCOTT.ORDERS (ID,ORDERNUM,ORDERTIME,PEOPLECOUNT,ORDERDESC,PAYTYPE,ORDERSTATUS,PRODUCTID,MEMBERID) values ('5DC6A48DD4E94592AE904930EA866AFA','54321',to_timestamp('02-3月 -18 12.00.00.000000000 下午','DD-MON-RR HH.MI.SSXFF AM'),2,'没什么',0,1,'6C082D725927416A9BD459E889A6DB4E','E61D65F673D54F68B0861025C69773DB');
Insert into SCOTT.ORDERS (ID,ORDERNUM,ORDERTIME,PEOPLECOUNT,ORDERDESC,PAYTYPE,ORDERSTATUS,PRODUCTID,MEMBERID) values ('2FF351C4AC744E2092DCF08CFD314420','67890',to_timestamp('02-3月 -18 12.00.00.000000000 下午','DD-MON-RR HH.MI.SSXFF AM'),2,'没什么',0,1,'2FA3770E6A1442979BCFD39053B4A8BA','E61D65F673D54F68B0861025C69773DB');
Insert into SCOTT.ORDERS (ID,ORDERNUM,ORDERTIME,PEOPLECOUNT,ORDERDESC,PAYTYPE,ORDERSTATUS,PRODUCTID,MEMBERID) values ('A0657832D93E4B10AE88A2D4B70B1A28','98765',to_timestamp('02-3月 -18 12.00.00.000000000 下午','DD-MON-RR HH.MI.SSXFF AM'),2,'没什么',0,1,'676C5BD1D35E429A8C2E114939C5685A','E61D65F673D54F68B0861025C69773DB');
Insert into SCOTT.ORDERS (ID,ORDERNUM,ORDERTIME,PEOPLECOUNT,ORDERDESC,PAYTYPE,ORDERSTATUS,PRODUCTID,MEMBERID) values ('E4DD4C45EED84870ABA83574A801083E','11111',to_timestamp('02-3月 -18 12.00.00.000000000 下午','DD-MON-RR HH.MI.SSXFF AM'),2,'没什么',0,1,'1','E61D65F673D54F68B0861025C69773DB');
Insert into SCOTT.ORDERS (ID,ORDERNUM,ORDERTIME,PEOPLECOUNT,ORDERDESC,PAYTYPE,ORDERSTATUS,PRODUCTID,MEMBERID) values ('96CC8BD43C734CC2ACBFF09501B4DD5D','22222',to_timestamp('02-3月 -18 12.00.00.000000000 下午','DD-MON-RR HH.MI.SSXFF AM'),2,'没什么',0,1,'12B7ABF2A4C544568B0A7C69F36BF8B7','E61D65F673D54F68B0861025C69773DB');
Insert into SCOTT.ORDERS (ID,ORDERNUM,ORDERTIME,PEOPLECOUNT,ORDERDESC,PAYTYPE,ORDERSTATUS,PRODUCTID,MEMBERID) values ('55F9AF582D5A4DB28FB4EC3199385762','33333',to_timestamp('02-3月 -18 12.00.00.000000000 下午','DD-MON-RR HH.MI.SSXFF AM'),2,'没什么',0,1,'9F71F01CB448476DAFB309AA6DF9497F','E61D65F673D54F68B0861025C69773DB');
Insert into SCOTT.ORDERS (ID,ORDERNUM,ORDERTIME,PEOPLECOUNT,ORDERDESC,PAYTYPE,ORDERSTATUS,PRODUCTID,MEMBERID) values ('CA005CF1BE3C4EF68F88ABC7DF30E976','44444',to_timestamp('02-3月 -18 12.00.00.000000000 下午','DD-MON-RR HH.MI.SSXFF AM'),2,'没什么',0,1,'9F71F01CB448476DAFB309AA6DF9497F','E61D65F673D54F68B0861025C69773DB');
Insert into SCOTT.ORDERS (ID,ORDERNUM,ORDERTIME,PEOPLECOUNT,ORDERDESC,PAYTYPE,ORDERSTATUS,PRODUCTID,MEMBERID) values ('3081770BC3984EF092D9E99760FDABDE','55555',to_timestamp('02-3月 -18 12.00.00.000000000 下午','DD-MON-RR HH.MI.SSXFF AM'),2,'没什么',0,1,'9F71F01CB448476DAFB309AA6DF9497F','E61D65F673D54F68B0861025C69773DB');
REM INSERTING into SCOTT.PERMISSION
SET DEFINE OFF;
Insert into SCOTT.PERMISSION (ID,PERMISSIONNAME,URL) values ('60F1698B514F4C82AAE2495F46BD3912','user findAll','/user/findAll.do');
Insert into SCOTT.PERMISSION (ID,PERMISSIONNAME,URL) values ('AB9A953BD39A48CF9FD2AA1AF6D0C0B0','user findById','/user/findById.do');
Insert into SCOTT.PERMISSION (ID,PERMISSIONNAME,URL) values ('B0A389BC6F744C4F9A432A75A09B3813','role findAll','/role/findAll.do');
REM INSERTING into SCOTT.PRODUCT
SET DEFINE OFF;
Insert into SCOTT.PRODUCT (ID,PRODUCTNUM,PRODUCTNAME,CITYNAME,DEPARTURETIME,PRODUCTPRICE,PRODUCTDESC,PRODUCTSTATUS) values ('F03D12113C5547B49A12B515EF391421','itcast003','重庆两日游','济南',to_timestamp('01-7月 -20 06.10.00.000000000 上午','DD-MON-RR HH.MI.SSXFF AM'),1000,'棒极了',0);
Insert into SCOTT.PRODUCT (ID,PRODUCTNUM,PRODUCTNAME,CITYNAME,DEPARTURETIME,PRODUCTPRICE,PRODUCTDESC,PRODUCTSTATUS) values ('6C082D725927416A9BD459E889A6DB4E','itcast004','广州一日游','临沂',to_timestamp('16-7月 -20 10.50.00.000000000 上午','DD-MON-RR HH.MI.SSXFF AM'),800,'广州是个不错的城市',1);
Insert into SCOTT.PRODUCT (ID,PRODUCTNUM,PRODUCTNAME,CITYNAME,DEPARTURETIME,PRODUCTPRICE,PRODUCTDESC,PRODUCTSTATUS) values ('1','itcast001','北京三日游','北京',to_timestamp('01-7月 -20 08.19.16.617000000 上午','DD-MON-RR HH.MI.SSXFF AM'),1200,'不错的旅行',1);
Insert into SCOTT.PRODUCT (ID,PRODUCTNUM,PRODUCTNAME,CITYNAME,DEPARTURETIME,PRODUCTPRICE,PRODUCTDESC,PRODUCTSTATUS) values ('2FA3770E6A1442979BCFD39053B4A8BA','itcast002','上海五日游','上海',to_timestamp('15-10月-20 08.21.37.912000000 上午','DD-MON-RR HH.MI.SSXFF AM'),2000,'魔都我来了',0);
Insert into SCOTT.PRODUCT (ID,PRODUCTNUM,PRODUCTNAME,CITYNAME,DEPARTURETIME,PRODUCTPRICE,PRODUCTDESC,PRODUCTSTATUS) values ('676C5BD1D35E429A8C2E114939C5685A','itcast005','四川五日游','无锡',to_timestamp('22-8月 -20 11.50.08.219000000 上午','DD-MON-RR HH.MI.SSXFF AM'),1800,'夜生活的成都',0);
Insert into SCOTT.PRODUCT (ID,PRODUCTNUM,PRODUCTNAME,CITYNAME,DEPARTURETIME,PRODUCTPRICE,PRODUCTDESC,PRODUCTSTATUS) values ('12B7ABF2A4C544568B0A7C69F36BF8B7','itcast006','天津一日游','德州',to_timestamp('25-7月 -20 11.57.01.606000000 上午','DD-MON-RR HH.MI.SSXFF AM'),1000,'天津之眼',1);
Insert into SCOTT.PRODUCT (ID,PRODUCTNUM,PRODUCTNAME,CITYNAME,DEPARTURETIME,PRODUCTPRICE,PRODUCTDESC,PRODUCTSTATUS) values ('9F71F01CB448476DAFB309AA6DF9497F','itcast007','曲阜孔庙自由游','东营',to_timestamp('24-10月-20 12.01.16.631000000 下午','DD-MON-RR HH.MI.SSXFF AM'),500,'孔庙孔林',1);
REM INSERTING into SCOTT.ROLE
SET DEFINE OFF;
Insert into SCOTT.ROLE (ID,ROLENAME,ROLEDESC) values ('111','ADMIN','vip');
Insert into SCOTT.ROLE (ID,ROLENAME,ROLEDESC) values ('222','USER','vip');
Insert into SCOTT.ROLE (ID,ROLENAME,ROLEDESC) values ('EC950E4C3E05417F981B9CD33A98BFD9','guest','guest');
REM INSERTING into SCOTT.ROLE_PERMISSION
SET DEFINE OFF;
Insert into SCOTT.ROLE_PERMISSION (PERMISSIONID,ROLEID) values ('60F1698B514F4C82AAE2495F46BD3912','111');
Insert into SCOTT.ROLE_PERMISSION (PERMISSIONID,ROLEID) values ('60F1698B514F4C82AAE2495F46BD3912','222');
Insert into SCOTT.ROLE_PERMISSION (PERMISSIONID,ROLEID) values ('AB9A953BD39A48CF9FD2AA1AF6D0C0B0','111');
Insert into SCOTT.ROLE_PERMISSION (PERMISSIONID,ROLEID) values ('AB9A953BD39A48CF9FD2AA1AF6D0C0B0','222');
REM INSERTING into SCOTT.USERS
SET DEFINE OFF;
Insert into SCOTT.USERS (ID,EMAIL,USERNAME,PASSWORD,PHONENUM,STATUS) values ('111-222','3654@163.com','tom','$2a$10$tJHudmJh6MRPdiL7mv0yfe0nZJbDHuhl7sSTnqNC4DauMik9ppi4K','13545678952',1);
Insert into SCOTT.USERS (ID,EMAIL,USERNAME,PASSWORD,PHONENUM,STATUS) values ('98648A2972214D9F820C5DC7C1038C42','cat@163.com','cat','$2a$10$EQO8uzcVm/T5DKOCIDzOpec0Us7W4cgKCUr9ulEZ.f8KqHqiFKA3G','15643515465',1);
REM INSERTING into SCOTT.USERS_ROLE
SET DEFINE OFF;
Insert into SCOTT.USERS_ROLE (USERID,ROLEID) values ('111-222','111');
Insert into SCOTT.USERS_ROLE (USERID,ROLEID) values ('111-222','222');
REM INSERTING into SCOTT.TRAVELLER
SET DEFINE OFF;
Insert into SCOTT.TRAVELLER (ID,NAME,SEX,PHONENUM,CREDENTIALSTYPE,CREDENTIALSNUM,TRAVELLERTYPE) values ('3FE27DF2A4E44A6DBC5D0FE4651D3D3E','张龙','男','13333333333',0,'123456789009876543',0);
Insert into SCOTT.TRAVELLER (ID,NAME,SEX,PHONENUM,CREDENTIALSTYPE,CREDENTIALSNUM,TRAVELLERTYPE) values ('EE7A71FB6945483FBF91543DBE851960','张小龙','男','15555555555',0,'987654321123456789',1);
REM INSERTING into SCOTT.MEMBER
SET DEFINE OFF;
Insert into SCOTT.MEMBER (ID,NAME,NICKNAME,PHONENUM,EMAIL) values ('E61D65F673D54F68B0861025C69773DB','张三','小三','18888888888','zs@163.com');
--------------------------------------------------------
--  DDL for Index SYS_C0012701
--------------------------------------------------------

  CREATE UNIQUE INDEX "SCOTT"."SYS_C0012701" ON "SCOTT"."ORDER_TRAVELLER" ("ORDERID", "TRAVELLERID") 
  PCTFREE 10 INITRANS 2 MAXTRANS 255 COMPUTE STATISTICS 
  STORAGE(INITIAL 65536 NEXT 1048576 MINEXTENTS 1 MAXEXTENTS 2147483645
  PCTINCREASE 0 FREELISTS 1 FREELIST GROUPS 1 BUFFER_POOL DEFAULT FLASH_CACHE DEFAULT CELL_FLASH_CACHE DEFAULT)
  TABLESPACE "USERS" ;
--------------------------------------------------------
--  DDL for Index SYS_C0012697
--------------------------------------------------------

  CREATE UNIQUE INDEX "SCOTT"."SYS_C0012697" ON "SCOTT"."ORDERS" ("ID") 
  PCTFREE 10 INITRANS 2 MAXTRANS 255 COMPUTE STATISTICS 
  STORAGE(INITIAL 65536 NEXT 1048576 MINEXTENTS 1 MAXEXTENTS 2147483645
  PCTINCREASE 0 FREELISTS 1 FREELIST GROUPS 1 BUFFER_POOL DEFAULT FLASH_CACHE DEFAULT CELL_FLASH_CACHE DEFAULT)
  TABLESPACE "USERS" ;
--------------------------------------------------------
--  DDL for Index SYS_C0012698
--------------------------------------------------------

  CREATE UNIQUE INDEX "SCOTT"."SYS_C0012698" ON "SCOTT"."ORDERS" ("ORDERNUM") 
  PCTFREE 10 INITRANS 2 MAXTRANS 255 COMPUTE STATISTICS 
  STORAGE(INITIAL 65536 NEXT 1048576 MINEXTENTS 1 MAXEXTENTS 2147483645
  PCTINCREASE 0 FREELISTS 1 FREELIST GROUPS 1 BUFFER_POOL DEFAULT FLASH_CACHE DEFAULT CELL_FLASH_CACHE DEFAULT)
  TABLESPACE "USERS" ;
--------------------------------------------------------
--  DDL for Index SYS_C0012732
--------------------------------------------------------

  CREATE UNIQUE INDEX "SCOTT"."SYS_C0012732" ON "SCOTT"."PERMISSION" ("ID") 
  PCTFREE 10 INITRANS 2 MAXTRANS 255 COMPUTE STATISTICS 
  STORAGE(INITIAL 65536 NEXT 1048576 MINEXTENTS 1 MAXEXTENTS 2147483645
  PCTINCREASE 0 FREELISTS 1 FREELIST GROUPS 1 BUFFER_POOL DEFAULT FLASH_CACHE DEFAULT CELL_FLASH_CACHE DEFAULT)
  TABLESPACE "USERS" ;
--------------------------------------------------------
--  DDL for Index PRODUCT
--------------------------------------------------------

  CREATE UNIQUE INDEX "SCOTT"."PRODUCT" ON "SCOTT"."PRODUCT" ("ID", "PRODUCTNUM") 
  PCTFREE 10 INITRANS 2 MAXTRANS 255 COMPUTE STATISTICS 
  STORAGE(INITIAL 65536 NEXT 1048576 MINEXTENTS 1 MAXEXTENTS 2147483645
  PCTINCREASE 0 FREELISTS 1 FREELIST GROUPS 1 BUFFER_POOL DEFAULT FLASH_CACHE DEFAULT CELL_FLASH_CACHE DEFAULT)
  TABLESPACE "USERS" ;
--------------------------------------------------------
--  DDL for Index PRODUCT_PK
--------------------------------------------------------

  CREATE UNIQUE INDEX "SCOTT"."PRODUCT_PK" ON "SCOTT"."PRODUCT" ("ID") 
  PCTFREE 10 INITRANS 2 MAXTRANS 255 COMPUTE STATISTICS 
  STORAGE(INITIAL 65536 NEXT 1048576 MINEXTENTS 1 MAXEXTENTS 2147483645
  PCTINCREASE 0 FREELISTS 1 FREELIST GROUPS 1 BUFFER_POOL DEFAULT FLASH_CACHE DEFAULT CELL_FLASH_CACHE DEFAULT)
  TABLESPACE "USERS" ;
--------------------------------------------------------
--  DDL for Index SYS_C0012728
--------------------------------------------------------

  CREATE UNIQUE INDEX "SCOTT"."SYS_C0012728" ON "SCOTT"."ROLE" ("ID") 
  PCTFREE 10 INITRANS 2 MAXTRANS 255 COMPUTE STATISTICS 
  STORAGE(INITIAL 65536 NEXT 1048576 MINEXTENTS 1 MAXEXTENTS 2147483645
  PCTINCREASE 0 FREELISTS 1 FREELIST GROUPS 1 BUFFER_POOL DEFAULT FLASH_CACHE DEFAULT CELL_FLASH_CACHE DEFAULT)
  TABLESPACE "USERS" ;
--------------------------------------------------------
--  DDL for Index SYS_C0012733
--------------------------------------------------------

  CREATE UNIQUE INDEX "SCOTT"."SYS_C0012733" ON "SCOTT"."ROLE_PERMISSION" ("PERMISSIONID", "ROLEID") 
  PCTFREE 10 INITRANS 2 MAXTRANS 255 COMPUTE STATISTICS 
  STORAGE(INITIAL 65536 NEXT 1048576 MINEXTENTS 1 MAXEXTENTS 2147483645
  PCTINCREASE 0 FREELISTS 1 FREELIST GROUPS 1 BUFFER_POOL DEFAULT FLASH_CACHE DEFAULT CELL_FLASH_CACHE DEFAULT)
  TABLESPACE "USERS" ;
--------------------------------------------------------
--  DDL for Index SYS_C0012726
--------------------------------------------------------

  CREATE UNIQUE INDEX "SCOTT"."SYS_C0012726" ON "SCOTT"."USERS" ("ID") 
  PCTFREE 10 INITRANS 2 MAXTRANS 255 COMPUTE STATISTICS 
  STORAGE(INITIAL 65536 NEXT 1048576 MINEXTENTS 1 MAXEXTENTS 2147483645
  PCTINCREASE 0 FREELISTS 1 FREELIST GROUPS 1 BUFFER_POOL DEFAULT FLASH_CACHE DEFAULT CELL_FLASH_CACHE DEFAULT)
  TABLESPACE "USERS" ;
--------------------------------------------------------
--  DDL for Index SYS_C0012727
--------------------------------------------------------

  CREATE UNIQUE INDEX "SCOTT"."SYS_C0012727" ON "SCOTT"."USERS" ("EMAIL") 
  PCTFREE 10 INITRANS 2 MAXTRANS 255 COMPUTE STATISTICS 
  STORAGE(INITIAL 65536 NEXT 1048576 MINEXTENTS 1 MAXEXTENTS 2147483645
  PCTINCREASE 0 FREELISTS 1 FREELIST GROUPS 1 BUFFER_POOL DEFAULT FLASH_CACHE DEFAULT CELL_FLASH_CACHE DEFAULT)
  TABLESPACE "USERS" ;
--------------------------------------------------------
--  DDL for Index SYS_C0012729
--------------------------------------------------------

  CREATE UNIQUE INDEX "SCOTT"."SYS_C0012729" ON "SCOTT"."USERS_ROLE" ("USERID", "ROLEID") 
  PCTFREE 10 INITRANS 2 MAXTRANS 255 COMPUTE STATISTICS 
  STORAGE(INITIAL 65536 NEXT 1048576 MINEXTENTS 1 MAXEXTENTS 2147483645
  PCTINCREASE 0 FREELISTS 1 FREELIST GROUPS 1 BUFFER_POOL DEFAULT FLASH_CACHE DEFAULT CELL_FLASH_CACHE DEFAULT)
  TABLESPACE "USERS" ;
--------------------------------------------------------
--  DDL for Index SYS_C0012689
--------------------------------------------------------

  CREATE UNIQUE INDEX "SCOTT"."SYS_C0012689" ON "SCOTT"."TRAVELLER" ("ID") 
  PCTFREE 10 INITRANS 2 MAXTRANS 255 COMPUTE STATISTICS 
  STORAGE(INITIAL 65536 NEXT 1048576 MINEXTENTS 1 MAXEXTENTS 2147483645
  PCTINCREASE 0 FREELISTS 1 FREELIST GROUPS 1 BUFFER_POOL DEFAULT FLASH_CACHE DEFAULT CELL_FLASH_CACHE DEFAULT)
  TABLESPACE "USERS" ;
--------------------------------------------------------
--  DDL for Index SYS_C0012680
--------------------------------------------------------

  CREATE UNIQUE INDEX "SCOTT"."SYS_C0012680" ON "SCOTT"."MEMBER" ("ID") 
  PCTFREE 10 INITRANS 2 MAXTRANS 255 COMPUTE STATISTICS 
  STORAGE(INITIAL 65536 NEXT 1048576 MINEXTENTS 1 MAXEXTENTS 2147483645
  PCTINCREASE 0 FREELISTS 1 FREELIST GROUPS 1 BUFFER_POOL DEFAULT FLASH_CACHE DEFAULT CELL_FLASH_CACHE DEFAULT)
  TABLESPACE "USERS" ;
--------------------------------------------------------
--  Constraints for Table ORDER_TRAVELLER
--------------------------------------------------------

  ALTER TABLE "SCOTT"."ORDER_TRAVELLER" ADD PRIMARY KEY ("ORDERID", "TRAVELLERID")
  USING INDEX PCTFREE 10 INITRANS 2 MAXTRANS 255 COMPUTE STATISTICS 
  STORAGE(INITIAL 65536 NEXT 1048576 MINEXTENTS 1 MAXEXTENTS 2147483645
  PCTINCREASE 0 FREELISTS 1 FREELIST GROUPS 1 BUFFER_POOL DEFAULT FLASH_CACHE DEFAULT CELL_FLASH_CACHE DEFAULT)
  TABLESPACE "USERS"  ENABLE;
--------------------------------------------------------
--  Constraints for Table ORDERS
--------------------------------------------------------

  ALTER TABLE "SCOTT"."ORDERS" MODIFY ("ORDERNUM" NOT NULL ENABLE);
 
  ALTER TABLE "SCOTT"."ORDERS" ADD PRIMARY KEY ("ID")
  USING INDEX PCTFREE 10 INITRANS 2 MAXTRANS 255 COMPUTE STATISTICS 
  STORAGE(INITIAL 65536 NEXT 1048576 MINEXTENTS 1 MAXEXTENTS 2147483645
  PCTINCREASE 0 FREELISTS 1 FREELIST GROUPS 1 BUFFER_POOL DEFAULT FLASH_CACHE DEFAULT CELL_FLASH_CACHE DEFAULT)
  TABLESPACE "USERS"  ENABLE;
 
  ALTER TABLE "SCOTT"."ORDERS" ADD UNIQUE ("ORDERNUM")
  USING INDEX PCTFREE 10 INITRANS 2 MAXTRANS 255 COMPUTE STATISTICS 
  STORAGE(INITIAL 65536 NEXT 1048576 MINEXTENTS 1 MAXEXTENTS 2147483645
  PCTINCREASE 0 FREELISTS 1 FREELIST GROUPS 1 BUFFER_POOL DEFAULT FLASH_CACHE DEFAULT CELL_FLASH_CACHE DEFAULT)
  TABLESPACE "USERS"  ENABLE;
--------------------------------------------------------
--  Constraints for Table PERMISSION
--------------------------------------------------------

  ALTER TABLE "SCOTT"."PERMISSION" ADD PRIMARY KEY ("ID")
  USING INDEX PCTFREE 10 INITRANS 2 MAXTRANS 255 COMPUTE STATISTICS 
  STORAGE(INITIAL 65536 NEXT 1048576 MINEXTENTS 1 MAXEXTENTS 2147483645
  PCTINCREASE 0 FREELISTS 1 FREELIST GROUPS 1 BUFFER_POOL DEFAULT FLASH_CACHE DEFAULT CELL_FLASH_CACHE DEFAULT)
  TABLESPACE "USERS"  ENABLE;
--------------------------------------------------------
--  Constraints for Table PRODUCT
--------------------------------------------------------

  ALTER TABLE "SCOTT"."PRODUCT" ADD CONSTRAINT "PRODUCT" UNIQUE ("ID", "PRODUCTNUM")
  USING INDEX PCTFREE 10 INITRANS 2 MAXTRANS 255 COMPUTE STATISTICS 
  STORAGE(INITIAL 65536 NEXT 1048576 MINEXTENTS 1 MAXEXTENTS 2147483645
  PCTINCREASE 0 FREELISTS 1 FREELIST GROUPS 1 BUFFER_POOL DEFAULT FLASH_CACHE DEFAULT CELL_FLASH_CACHE DEFAULT)
  TABLESPACE "USERS"  ENABLE;
 
  ALTER TABLE "SCOTT"."PRODUCT" ADD CONSTRAINT "PRODUCT_PK" PRIMARY KEY ("ID")
  USING INDEX PCTFREE 10 INITRANS 2 MAXTRANS 255 COMPUTE STATISTICS 
  STORAGE(INITIAL 65536 NEXT 1048576 MINEXTENTS 1 MAXEXTENTS 2147483645
  PCTINCREASE 0 FREELISTS 1 FREELIST GROUPS 1 BUFFER_POOL DEFAULT FLASH_CACHE DEFAULT CELL_FLASH_CACHE DEFAULT)
  TABLESPACE "USERS"  ENABLE;
 
  ALTER TABLE "SCOTT"."PRODUCT" MODIFY ("PRODUCTNUM" NOT NULL ENABLE);
 
  ALTER TABLE "SCOTT"."PRODUCT" MODIFY ("ID" NOT NULL ENABLE);
--------------------------------------------------------
--  Constraints for Table ROLE
--------------------------------------------------------

  ALTER TABLE "SCOTT"."ROLE" ADD PRIMARY KEY ("ID")
  USING INDEX PCTFREE 10 INITRANS 2 MAXTRANS 255 COMPUTE STATISTICS 
  STORAGE(INITIAL 65536 NEXT 1048576 MINEXTENTS 1 MAXEXTENTS 2147483645
  PCTINCREASE 0 FREELISTS 1 FREELIST GROUPS 1 BUFFER_POOL DEFAULT FLASH_CACHE DEFAULT CELL_FLASH_CACHE DEFAULT)
  TABLESPACE "USERS"  ENABLE;
--------------------------------------------------------
--  Constraints for Table ROLE_PERMISSION
--------------------------------------------------------

  ALTER TABLE "SCOTT"."ROLE_PERMISSION" ADD PRIMARY KEY ("PERMISSIONID", "ROLEID")
  USING INDEX PCTFREE 10 INITRANS 2 MAXTRANS 255 COMPUTE STATISTICS 
  STORAGE(INITIAL 65536 NEXT 1048576 MINEXTENTS 1 MAXEXTENTS 2147483645
  PCTINCREASE 0 FREELISTS 1 FREELIST GROUPS 1 BUFFER_POOL DEFAULT FLASH_CACHE DEFAULT CELL_FLASH_CACHE DEFAULT)
  TABLESPACE "USERS"  ENABLE;
--------------------------------------------------------
--  Constraints for Table USERS
--------------------------------------------------------

  ALTER TABLE "SCOTT"."USERS" MODIFY ("EMAIL" NOT NULL ENABLE);
 
  ALTER TABLE "SCOTT"."USERS" ADD PRIMARY KEY ("ID")
  USING INDEX PCTFREE 10 INITRANS 2 MAXTRANS 255 COMPUTE STATISTICS 
  STORAGE(INITIAL 65536 NEXT 1048576 MINEXTENTS 1 MAXEXTENTS 2147483645
  PCTINCREASE 0 FREELISTS 1 FREELIST GROUPS 1 BUFFER_POOL DEFAULT FLASH_CACHE DEFAULT CELL_FLASH_CACHE DEFAULT)
  TABLESPACE "USERS"  ENABLE;
 
  ALTER TABLE "SCOTT"."USERS" ADD UNIQUE ("EMAIL")
  USING INDEX PCTFREE 10 INITRANS 2 MAXTRANS 255 COMPUTE STATISTICS 
  STORAGE(INITIAL 65536 NEXT 1048576 MINEXTENTS 1 MAXEXTENTS 2147483645
  PCTINCREASE 0 FREELISTS 1 FREELIST GROUPS 1 BUFFER_POOL DEFAULT FLASH_CACHE DEFAULT CELL_FLASH_CACHE DEFAULT)
  TABLESPACE "USERS"  ENABLE;
--------------------------------------------------------
--  Constraints for Table USERS_ROLE
--------------------------------------------------------

  ALTER TABLE "SCOTT"."USERS_ROLE" ADD PRIMARY KEY ("USERID", "ROLEID")
  USING INDEX PCTFREE 10 INITRANS 2 MAXTRANS 255 COMPUTE STATISTICS 
  STORAGE(INITIAL 65536 NEXT 1048576 MINEXTENTS 1 MAXEXTENTS 2147483645
  PCTINCREASE 0 FREELISTS 1 FREELIST GROUPS 1 BUFFER_POOL DEFAULT FLASH_CACHE DEFAULT CELL_FLASH_CACHE DEFAULT)
  TABLESPACE "USERS"  ENABLE;
--------------------------------------------------------
--  Constraints for Table TRAVELLER
--------------------------------------------------------

  ALTER TABLE "SCOTT"."TRAVELLER" ADD PRIMARY KEY ("ID")
  USING INDEX PCTFREE 10 INITRANS 2 MAXTRANS 255 COMPUTE STATISTICS 
  STORAGE(INITIAL 65536 NEXT 1048576 MINEXTENTS 1 MAXEXTENTS 2147483645
  PCTINCREASE 0 FREELISTS 1 FREELIST GROUPS 1 BUFFER_POOL DEFAULT FLASH_CACHE DEFAULT CELL_FLASH_CACHE DEFAULT)
  TABLESPACE "USERS"  ENABLE;
--------------------------------------------------------
--  Constraints for Table MEMBER
--------------------------------------------------------

  ALTER TABLE "SCOTT"."MEMBER" ADD PRIMARY KEY ("ID")
  USING INDEX PCTFREE 10 INITRANS 2 MAXTRANS 255 COMPUTE STATISTICS 
  STORAGE(INITIAL 65536 NEXT 1048576 MINEXTENTS 1 MAXEXTENTS 2147483645
  PCTINCREASE 0 FREELISTS 1 FREELIST GROUPS 1 BUFFER_POOL DEFAULT FLASH_CACHE DEFAULT CELL_FLASH_CACHE DEFAULT)
  TABLESPACE "USERS"  ENABLE;
--------------------------------------------------------
--  Ref Constraints for Table ORDER_TRAVELLER
--------------------------------------------------------

  ALTER TABLE "SCOTT"."ORDER_TRAVELLER" ADD FOREIGN KEY ("ORDERID")
	  REFERENCES "SCOTT"."ORDERS" ("ID") ENABLE;
 
  ALTER TABLE "SCOTT"."ORDER_TRAVELLER" ADD FOREIGN KEY ("TRAVELLERID")
	  REFERENCES "SCOTT"."TRAVELLER" ("ID") ENABLE;
--------------------------------------------------------
--  Ref Constraints for Table ORDERS
--------------------------------------------------------

  ALTER TABLE "SCOTT"."ORDERS" ADD FOREIGN KEY ("PRODUCTID")
	  REFERENCES "SCOTT"."PRODUCT" ("ID") ENABLE;
 
  ALTER TABLE "SCOTT"."ORDERS" ADD FOREIGN KEY ("MEMBERID")
	  REFERENCES "SCOTT"."MEMBER" ("ID") ENABLE;
--------------------------------------------------------
--  Ref Constraints for Table ROLE_PERMISSION
--------------------------------------------------------

  ALTER TABLE "SCOTT"."ROLE_PERMISSION" ADD FOREIGN KEY ("PERMISSIONID")
	  REFERENCES "SCOTT"."PERMISSION" ("ID") ENABLE;
 
  ALTER TABLE "SCOTT"."ROLE_PERMISSION" ADD FOREIGN KEY ("ROLEID")
	  REFERENCES "SCOTT"."ROLE" ("ID") ENABLE;
--------------------------------------------------------
--  Ref Constraints for Table USERS_ROLE
--------------------------------------------------------

  ALTER TABLE "SCOTT"."USERS_ROLE" ADD FOREIGN KEY ("USERID")
	  REFERENCES "SCOTT"."USERS" ("ID") ENABLE;
 
  ALTER TABLE "SCOTT"."USERS_ROLE" ADD FOREIGN KEY ("ROLEID")
	  REFERENCES "SCOTT"."ROLE" ("ID") ENABLE;
